[

  {
    "Id": "Kawasakhi ",
    "Maker": "Kawasakhi",
    "img": "https://www.blackfootonline.ca/media/catalog/product/cache/4f306adb0e6dea3d99d600010a2a7bec/n/i/ninja_400_krt_1_5_1.jpg",
    "Title": "2023 Kawasaki Ninja 400",
    "Description": "Kawasakhi",
    "Ratings": null
  },
  {
    "Description": "2023 Venom x22r MaX ",
    "Id": "2023 Venom x22r MaX ",
    "img": "https://www.venommotorsportscanada.com/cdn/shop/products/IMG_8533_1280x.jpg?v=1684958520",
    "Maker": "2023 Venom x22r MaX ",
    "Ratings": null,
    "Title": "2023 Venom x22r MaX"
  },
  {
    "Id": "2023 Kawasaki Ninja 650 - N23-PDA93620KAt ",
    "Maker": "2023 Kawasaki Ninja 650 - N23-PDA93620KAt ",
    "img": "https://images.unsplash.com/photo-1593246049226-ded77bf90326?ixlib=rb-4.0.3&ixid=M3wxMjA3fDB8MHxzZWFyY2h8MjN8fHBpenphfGVufDB8fDB8fHww&auto=format&fit=crop&w=500&q=60",
    "Title": "2023 Kawasaki Ninja 650 - N23-PDA93620KAt ",
    "Description": "2023 Kawasaki Ninja 650 - N23-PDA93620KAt",
    "Ratings": null
  },

  {
    "Id": "2023 Yamaha YZF-R3 - N23-PK002714YA ",
    "Maker": "2023 Yamaha YZF-R3 - N23-PK002714YA",
    "img": "https://www.blackfootonline.ca/media/catalog/product/cache/4f306adb0e6dea3d99d600010a2a7bec/y/z/yzf-r3_bla_1.jpg",
    "Title": "2023 Yamaha YZF-R3 - N23-PK002714YA ",
    "Description": "2023 Yamaha YZF-R3 - N23-PK002714YA",
    "Ratings": null
  },
  {
    "Id": "Kawasakhi ",
    "Maker": "Kawasakhi",
    "img": "https://www.blackfootonline.ca/media/catalog/product/cache/4f306adb0e6dea3d99d600010a2a7bec/n/i/ninja_400_krt_1_5_1.jpg",
    "Title": "2023 Kawasaki Ninja 400",
    "Description": "Kawasakhi",
    "Ratings": null
  }
]